step,action,platform_id,task_id,task_geometry,task_stage,risk,score,path_length,energy_cost,reward,completed_count,late_count,risk_exposure_sum,total_path_length,total_energy,accepted_actions,conflicts,review_queue_length,valid_action_count
1,"[0, 0, 0, 0, 0, 0, 0, 0]",UAV-1;UAV-2;UAV-3;UAV-4,A010;A010;A010;A010,point;point;point;point,screening;screening;screening;screening,12,203.51361344537816,36,0.3333333333333333,-12.090416666666666,0,0,390.0,0,0.020833333333333332,"[{""platform_id"": ""UAV-3"", ""task_id"": ""A010"", ""stage"": ""screening"", ""score"": 41.9203164556962}]","[{""task_id"": ""A010"", ""stage"": ""screening"", ""loser"": ""UAV-1"", ""winner"": ""UAV-3""}, {""task_id"": ""A010"", ""stage"": ""screening"", ""loser"": ""UAV-2"", ""winner"": ""UAV-3""}, {""task_id"": ""A010"", ""stage"": ""screening"", ""loser"": ""UAV-4"", ""winner"": ""UAV-3""}]",0,44
2,"[1, 1, 1, 1, 0, 0, 0, 0]",UAV-1;UAV-2;UAV-3;UAV-4,A011;A011;A011;A011,point;point;point;point,screening;screening;screening;screening,12,203.23389830508472,40,0.35185185185185186,-12.101412037037036,0,0,780.0,9,0.0636574074074074,"[{""platform_id"": ""UAV-1"", ""task_id"": ""A011"", ""stage"": ""screening"", ""score"": 41.90886524822695}]","[{""task_id"": ""A011"", ""stage"": ""screening"", ""loser"": ""UAV-2"", ""winner"": ""UAV-1""}, {""task_id"": ""A011"", ""stage"": ""screening"", ""loser"": ""UAV-4"", ""winner"": ""UAV-1""}]",0,32
3,"[1, 1, 0, 1, 0, 0, 0, 0]",UAV-1;UAV-2;UAV-3;UAV-4,A009;A009;A009;A009,point;point;point;point,screening;screening;screening;screening,12,203.4440064911648,37,0.3379629629629629,-12.11298611111111,0,0,1170.0,19,0.12962962962962962,"[{""platform_id"": ""UAV-4"", ""task_id"": ""A009"", ""stage"": ""screening"", ""score"": 41.8973076923077}]","[{""task_id"": ""A009"", ""stage"": ""screening"", ""loser"": ""UAV-2"", ""winner"": ""UAV-4""}]",0,20
4,"[0, 0, 0, 0, 0, 0, 0, 0]",UAV-1;UAV-2;UAV-3;UAV-4,A020;E012;A018;E012,point;point;point;point,screening;screening;screening;screening,12,202.76187662578965,47,0.35648148148148145,-3.126875,0,0,1560.0,30,0.22337962962962962,"[{""platform_id"": ""UAV-2"", ""task_id"": ""E012"", ""stage"": ""screening"", ""score"": 41.91263157894737}]",[],1,25
5,"[0, 0, 0, 0, 0, 0, 0, 0]",UAV-1;UAV-2;UAV-3;UAV-4;USV-1;USV-2;USV-3;USV-4,A020;A014;A018;A018;A010;A010;A010;A010,point;point;point;point;point;point;point;point,screening;screening;screening;screening;review;review;review;review,24,406.1831958224601,88,0.5532407407407408,-2.130268308080808,0,0,1950.0,42,0.3239162457912458,"[{""platform_id"": ""UAV-3"", ""task_id"": ""A018"", ""stage"": ""screening"", ""score"": 41.885862068965515}, {""platform_id"": ""USV-1"", ""task_id"": ""A010"", ""stage"": ""review"", ""score"": 42.02073532611401}]","[{""task_id"": ""A010"", ""stage"": ""review"", ""loser"": ""USV-2"", ""winner"": ""USV-1""}, {""task_id"": ""A010"", ""stage"": ""review"", ""loser"": ""USV-3"", ""winner"": ""USV-1""}, {""task_id"": ""A010"", ""stage"": ""review"", ""loser"": ""USV-4"", ""winner"": ""USV-1""}]",1,24
6,"[0, 1, 0, 0, 0, 0, 0, 0]",UAV-1;UAV-2;UAV-3;UAV-4;USV-1;USV-2;USV-3;USV-4,A020;A014;A020;B049;A011;A011;A011;A011,point;point;point;point;point;point;point;point,screening;screening;screening;screening;review;review;review;review,24,406.1814915134291,104,0.6342592592592593,6.867513327721664,0,0,2340.0,54,0.4288895903479237,"[{""platform_id"": ""UAV-1"", ""task_id"": ""A020"", ""stage"": ""screening"", ""score"": 41.89764069264069}, {""platform_id"": ""USV-4"", ""task_id"": ""A011"", ""stage"": ""review"", ""score"": 41.96325287861114}]","[{""task_id"": ""A011"", ""stage"": ""review"", ""loser"": ""USV-2"", ""winner"": ""USV-4""}, {""task_id"": ""A011"", ""stage"": ""review"", ""loser"": ""USV-3"", ""winner"": ""USV-4""}]",2,38
7,"[0, 1, 0, 0, 0, 0, 0, 0]",UAV-1;UAV-2;UAV-3;UAV-4;USV-1;USV-2;USV-3;USV-4,A014;A014;B049;B049;A009;A009;A009;A009,point;point;point;point;point;point;point;point,screening;screening;screening;screening;review;review;review;review,24,405.5978558055618,102,0.6319444444444444,-10.132458055062223,0,0,2730.0,65,0.5338057004723671,"[{""platform_id"": ""UAV-2"", ""task_id"": ""A014"", ""stage"": ""screening"", ""score"": 41.699765051395005}, {""platform_id"": ""UAV-4"", ""task_id"": ""B049"", ""stage"": ""screening"", ""score"": 41.874534206695785}, {""platform_id"": ""USV-2"", ""task_id"": ""A009"", ""stage"": ""review"", ""score"": 41.90495402650061}]","[{""task_id"": ""A009"", ""stage"": ""review"", ""loser"": ""USV-3"", ""winner"": ""USV-2""}]",1,9
8,"[0, 0, 0, 0, 0, 0, 0, 0]",UAV-1;UAV-2;UAV-3;UAV-4;USV-1;USV-2;USV-3;USV-4,B055;E011;B053;A017;E012;E012;E012;E012,point;point;point;point;point;point;point;point,screening;screening;screening;screening;review;review;review;review,24,405.70835496001445,104,0.6203703703703703,-3.1341941661733337,0,0,3120.0,65,0.6421940328190326,"[{""platform_id"": ""USV-3"", ""task_id"": ""E012"", ""stage"": ""review"", ""score"": 42.34672986459514}]",[],1,21
9,"[0, 0, 0, 0, 0, 0, 0, 0]",UAV-1;UAV-2;UAV-3;UAV-4;USV-1;USV-2;USV-3;USV-4,B055;E011;B053;A017;A018;A018;A018;A018,point;point;point;point;point;point;point;point,screening;screening;screening;screening;review;review;review;review,24,402.4932719035952,140,0.7245370370370372,-3.1336154624696295,0,0,3510.0,78,0.7494249577582908,"[{""platform_id"": ""UAV-3"", ""task_id"": ""B053"", ""stage"": ""screening"", ""score"": 41.93298245614035}]",[],2,21
10,"[0, 0, 0, 0, 0, 0, 0, 0]",UAV-1;UAV-2;UAV-3;UAV-4;USV-1;USV-2;USV-3;USV-4,B055;E011;A017;A017;A018;A018;A018;A018,point;point;point;point;point;point;point;point,screening;screening;screening;screening;review;review;review;review,24,403.99402573178673,130,0.6643518518518519,-12.135158672346172,0,0,3900.0,91,0.8597423024506353,"[{""platform_id"": ""UAV-1"", ""task_id"": ""B055"", ""stage"": ""screening"", ""score"": 41.967982456140355}]",[],2,8
11,"[0, 0, 0, 0, 0, 0, 0, 0]",UAV-1;UAV-2;UAV-3;UAV-4;USV-1;USV-2;USV-3;USV-4,B180;E011;A017;A017;A018;A018;A018;A018,point;point;point;point;point;point;point;point,screening;screening;screening;screening;review;review;review;review,24,404.65490747716984,132,0.6736111111111112,-4.135158672346172,0,0,4290.0,119,0.9700596471429799,[],[],3,21
12,"[0, 0, 0, 0, 0, 0, 0, 0]",UAV-1;UAV-2;UAV-3;UAV-4;USV-1;USV-2;USV-3;USV-4,B180;A015;A017;A017;A018;A018;A018;A018,point;point;point;point;point;point;point;point,screening;screening;screening;screening;review;review;review;review,24,407.19534439064506,107,0.5717592592592593,5.866384537530372,0,0,4680.0,132,1.0772905720822383,"[{""platform_id"": ""UAV-4"", ""task_id"": ""A017"", ""stage"": ""screening"", ""score"": 41.979882005899704}]",[],5,34
13,"[0, 0, 0, 0, 0, 0, 0, 0]",UAV-1;UAV-2;UAV-3;UAV-4;USV-1;USV-2;USV-3;USV-4,B180;A015;B192;B188;A018;A018;A018;A018,point;point;point;point;point;point;point;point,screening;screening;screening;screening;review;review;review;review,24,407.4351154868629,115,0.6521990740740742,-2.134772869877036,0,0,5070.0,137,1.1868363118363117,"[{""platform_id"": ""UAV-1"", ""task_id"": ""B180"", ""stage"": ""screening"", ""score"": 41.968333333333334}, {""platform_id"": ""UAV-3"", ""task_id"": ""B192"", ""stage"": ""screening"", ""score"": 41.91011904761905}]",[],6,21
14,"[0, 0, 0, 0, 0, 0, 0, 0]",UAV-1;UAV-2;UAV-3;UAV-4;USV-1;USV-2;USV-3;USV-4,B057;A015;B188;B188;A018;A018;A018;A018,point;point;point;point;point;point;point;point,screening;screening;screening;screening;review;review;review;review,24,408.4458332621474,112,0.6383101851851852,-3.1325682843391185,0,0,5460.0,161,1.2919728805145472,"[{""platform_id"": ""UAV-2"", ""task_id"": ""A015"", ""stage"": ""screening"", ""score"": 41.98011904761905}]",[],7,21
15,"[0, 0, 0, 0, 0, 0, 0, 0]",UAV-1;UAV-2;UAV-3;UAV-4;USV-1;USV-2;USV-3;USV-4,B057;E011;B193;B188;A018;A018;A018;A018,point;point;point;point;point;point;point;point,screening;screening;screening;screening;review;review;review;review,24,409.88598001497326,103,0.5949074074074074,82.36473109837694,1,0,5805.0,161,1.402510683760684,"[{""platform_id"": ""UAV-4"", ""task_id"": ""B188"", ""stage"": ""screening"", ""score"": 41.782272727272726}]",[],8,30
16,"[0, 0, 0, 0, 0, 0, 0, 0]",UAV-1;UAV-2;UAV-3;UAV-4;USV-1;USV-2;USV-3;USV-4,B057;E011;B193;B190;A018;A018;A018;A018,point;point;point;point;point;point;point;point,screening;screening;screening;screening;review;review;review;review,24,410.6868518164393,103,0.5949074074074074,6.867738603988606,1,0,6192.0,173,1.5070334757834762,"[{""platform_id"": ""UAV-1"", ""task_id"": ""B057"", ""stage"": ""screening"", ""score"": 42.01536036036036}, {""platform_id"": ""USV-1"", ""task_id"": ""A018"", ""stage"": ""review"", ""score"": 45.349071219380725}]",[],9,34
17,"[0, 0, 0, 0, 0, 0, 0, 0]",UAV-1;UAV-2;UAV-3;UAV-4;USV-1;USV-2;USV-3;USV-4,B181;E011;B193;B190;A020;A020;A020;A020,point;point;point;point;point;point;point;point,screening;screening;screening;screening;review;review;review;review,24,411.04179275698175,94,0.5706018518518519,74.3665811965812,2,0,6528.0,186,1.6138710826210831,"[{""platform_id"": ""UAV-2"", ""task_id"": ""E011"", ""stage"": ""screening"", ""score"": 41.91940594059406}, {""platform_id"": ""UAV-3"", ""task_id"": ""B193"", ""stage"": ""screening"", ""score"": 42.015482654600305}]",[],9,18
18,"[0, 0, 0, 0, 0, 0, 0, 0]",UAV-1;UAV-2;UAV-3;UAV-4;USV-1;USV-2;USV-3;USV-4,B181;A016;B194;B190;A020;A020;A020;A020,point;point;point;point;point;point;point;point,screening;screening;screening;screening;review;review;review;review,24,410.78361846362725,109,0.6331018518518519,-3.133403964862298,2,0,6912.0,219,1.7206790123456797,"[{""platform_id"": ""USV-4"", ""task_id"": ""A020"", ""stage"": ""review"", ""score"": 45.90766982493434}]",[],9,21
19,"[0, 0, 0, 0, 1, 1, 2, 1]",UAV-1;UAV-2;UAV-3;UAV-4;USV-1;USV-2;USV-3;USV-4,B181;B139;B194;B187;B055;B055;B055;B055,point;point;point;point;point;point;point;point,screening;screening;screening;screening;review;review;review;review,24,410.95200960801424,104,0.6047453703703703,91.36582443019944,3,0,7239.0,221,1.8290301519468195,"[{""platform_id"": ""UAV-1"", ""task_id"": ""B181"", ""stage"": ""screening"", ""score"": 42.00406392694064}]",[],11,46
20,"[0, 0, 0, 0, 1, 1, 2, 1]",UAV-1;UAV-2;UAV-3;UAV-4;USV-1;USV-2;USV-3;USV-4,B182;B139;B194;B187;B055;B055;B055;B055,point;point;point;point;point;point;point;point,screening;screening;screening;screening;review;review;review;review,24,411.8927779360807,102,0.595486111111111,84.36629184472935,4,0,7560.0,222,1.9364464624881306,"[{""platform_id"": ""UAV-2"", ""task_id"": ""B139"", ""stage"": ""screening"", ""score"": 41.89931643625192}, {""platform_id"": ""UAV-3"", ""task_id"": ""B194"", ""stage"": ""screening"", ""score"": 42.01585626911315}, {""platform_id"": ""USV-2"", ""task_id"": ""B055"", ""stage"": ""review"", ""score"": 45.00224453873702}]",[],11,33
21,"[0, 0, 0, 0, 1, 1, 1, 1]",UAV-1;UAV-2;UAV-3;UAV-4;USV-1;USV-2;USV-3;USV-4,B182;A016;B191;B187;B053;B053;A014;A014,point;point;point;point;point;point;point;point,screening;screening;screening;screening;review;review;review;review,24,411.1400679387019,94,0.558449074074074,-2.130964671045689,4,0,7938.0,234,2.03837580457951,"[{""platform_id"": ""UAV-4"", ""task_id"": ""B187"", ""stage"": ""screening"", ""score"": 42.01598310291859}, {""platform_id"": ""USV-3"", ""task_id"": ""A014"", ""stage"": ""review"", ""score"": 44.42150601212573}]",[],11,21
22,"[0, 0, 0, 0, 1, 1, 3, 1]",UAV-1;UAV-2;UAV-3;UAV-4;USV-1;USV-2;USV-3;USV-4,B182;B135;B191;B186;B053;B053;A015;B053,point;point;point;point;point;point;point;point,screening;screening;screening;screening;review;review;review;review,24,412.04461136285744,95,0.5613425925925926,-3.134051090798776,4,0,8316.0,234,2.1464779861770618,"[{""platform_id"": ""UAV-1"", ""task_id"": ""B182"", ""stage"": ""screening"", ""score"": 42.02764976958525}]",[],12,21
23,"[0, 0, 0, 0, 1, 1, 3, 1]",UAV-1;UAV-2;UAV-3;UAV-4;USV-1;USV-2;USV-3;USV-4,B183;B135;B191;B186;B053;B053;A015;B053,point;point;point;point;point;point;point;point,screening;screening;screening;screening;review;review;review;review,24,412.77545708479136,96,0.5659722222222222,14.86363409438641,4,0,8694.0,238,2.2592097974042433,"[{""platform_id"": ""UAV-3"", ""task_id"": ""B191"", ""stage"": ""screening"", ""score"": 41.98124031007752}]",[],15,47
24,"[0, 0, 0, 0, 1, 1, 3, 1]",UAV-1;UAV-2;UAV-3;UAV-4;USV-1;USV-2;USV-3;USV-4,B183;B135;B190;B186;B053;B053;A015;B053,point;point;point;point;point;point;point;point,screening;screening;screening;screening;review;review;review;review,24,413.78627353151717,93,0.5520833333333333,-10.13000016487285,4,0,9072.0,242,2.3592101271499435,"[{""platform_id"": ""UAV-1"", ""task_id"": ""B183"", ""stage"": ""screening"", ""score"": 42.016370716510906}, {""platform_id"": ""UAV-2"", ""task_id"": ""B135"", ""stage"": ""screening"", ""score"": 42.004704049844236}, {""platform_id"": ""UAV-4"", ""task_id"": ""B186"", ""stage"": ""screening"", ""score"": 42.016370716510906}]",[],15,8
25,"[0, 0, 0, 0, 1, 1, 3, 1]",UAV-1;UAV-2;UAV-3;UAV-4;USV-1;USV-2;USV-3;USV-4,B184;A013;B190;B184;B053;B053;A015;B053,point;point;point;point;point;point;point;point,screening;screening;screening;screening;review;review;review;review,24,414.5170598462647,94,0.5428240740740741,-4.13000016487285,4,0,9450.0,254,2.4592104568956437,[],[],16,21
26,"[0, 0, 0, 0, 1, 1, 3, 1]",UAV-1;UAV-2;UAV-3;UAV-4;USV-1;USV-2;USV-3;USV-4,B184;B152;B213;B184;B053;B053;A015;B053,point;point;point;point;point;point;point;point,screening;screening;screening;screening;review;review;review;review,22,387.86661611652585,86,0.48321759259259256,14.870771440065422,4,0,9828.0,258,2.5576675767648007,"[{""platform_id"": ""UAV-3"", ""task_id"": ""B213"", ""stage"": ""screening"", ""score"": 27.966578366445916}]",[],19,47
27,"[0, 0, 0, 0, 1, 1, 3, 1]",UAV-1;UAV-2;UAV-3;UAV-4;USV-1;USV-2;USV-3;USV-4,B051;B105;B051;B184;B053;B053;A015;B053,point;point;point;point;point;point;point;point,screening;screening;screening;screening;review;review;review;review,21,371.022440137734,138,0.6961805555555556,-6.133279485860505,4,0,10206.0,270,2.66422654848581,"[{""platform_id"": ""UAV-1"", ""task_id"": ""B051"", ""stage"": ""screening"", ""score"": 27.861666666666665}, {""platform_id"": ""UAV-2"", ""task_id"": ""B105"", ""stage"": ""screening"", ""score"": 27.593422818791943}, {""platform_id"": ""UAV-4"", ""task_id"": ""B184"", ""stage"": ""screening"", ""score"": 42.01676935229068}]",[],20,13
28,"[0, 0, 0, 0, 1, 1, 3, 1]",UAV-1;UAV-2;UAV-3;UAV-4;USV-1;USV-2;USV-3;USV-4,B143;B107;B116;B185;B053;B053;A015;B053,point;point;point;point;point;point;point;point,screening;screening;screening;screening;review;review;review;review,21,370.5620306973209,156,0.7934027777777779,73.36605913847812,5,0,10500.0,270,2.77210827152957,"[{""platform_id"": ""UAV-3"", ""task_id"": ""B116"", ""stage"": ""screening"", ""score"": 27.65178624813154}]",[],20,21
29,"[0, 0, 0, 0, 1, 1, 3, 1]",UAV-1;UAV-4;USV-1;USV-2;USV-3;USV-4,B111;B050;B053;B053;A015;B053,point;point;point;point;point;point,screening;screening;review;review;review;review,16,285.3587819636653,113,0.5109953703703703,-3.1338882520942715,5,0,10875.0,283,2.8798847757181116,"[{""platform_id"": ""USV-1"", ""task_id"": ""B053"", ""stage"": ""review"", ""score"": 50.0852576833137}]",[],20,18
30,"[0, 0, 0, 0, 1, 1, 2, 1]",UAV-1;UAV-4;USV-1;USV-2;USV-3;USV-4,B050;B136;A017;A017;A015;B180,point;point;point;point;point;point,screening;screening;review;review;review;review,16,286.9982770828688,85,0.38831018518518523,77.36271668617734,6,0,11160.0,283,2.9944514033634433,"[{""platform_id"": ""UAV-4"", ""task_id"": ""B136"", ""stage"": ""screening"", ""score"": 27.745119581464873}]",[],21,26
31,"[0, 0, 0, 0, 1, 1, 2, 1]",UAV-1;USV-1;USV-2;USV-3;USV-4,B111;A017;A017;A015;B180,point;point;point;point;point,screening;review;review;review;review,14,250.50448863956865,82,0.3466435185185185,-11.138826894663122,6,0,11532.0,283,3.1121051926896866,"[{""platform_id"": ""UAV-1"", ""task_id"": ""B111"", ""stage"": ""screening"", ""score"": 27.768483146067414}, {""platform_id"": ""USV-4"", ""task_id"": ""B180"", ""stage"": ""review"", ""score"": 49.52747968976244}]",[],20,8
32,"[0, 0, 0, 0, 1, 1, 2, 4]",USV-1;USV-2;USV-3;USV-4,A017;A017;A015;B057,point;point;point;point,review;review;review;review,12,214.8169639808191,61,0.22164351851851852,-13.138826894663122,6,0,11904.0,319,3.22975898201593,[],[],20,8
33,"[0, 0, 0, 0, 1, 1, 2, 4]",UAV-2;USV-1;USV-2;USV-3;USV-4,B107;A017;A017;A015;B057,point;point;point;point;point,screening;review;review;review;review,14,253.052102264917,62,0.25405092592592593,22.86117310533688,7,0,12210.0,373,3.347412771342173,[],[],20,10
34,"[0, 0, 0, 0, 1, 1, 2, 4]",UAV-2;UAV-3;UAV-4;USV-1;USV-2;USV-3;USV-4,B107;B107;B107;A017;A017;A015;B057,point;point;point;point;point;point;point,screening;screening;screening;review;review;review;review,18,328.0217673494419,74,0.3651620370370371,27.86696014237392,8,0,12512.0,413,3.4534924865943424,"[{""platform_id"": ""UAV-2"", ""task_id"": ""B107"", ""stage"": ""screening"", ""score"": 28.00181647940075}]",[],21,10
35,"[0, 0, 0, 0, 1, 4, 2, 4]",USV-1;USV-2;USV-3;USV-4,A017;B057;A015;B057,point;point;point;point,review;review;review;review,12,217.3507007545801,53,0.2019675925925926,-5.107378481964709,8,0,12880.0,421,3.5082494505237602,[],[],23,12
36,"[0, 0, 0, 0, 1, 4, 2, 4]",USV-1;USV-2;USV-3;USV-4,A017;B057;A015;B057,point;point;point;point,review;review;review;review,12,218.0117016773762,55,0.20775462962962962,-13.086776630112857,8,0,13248.0,421,3.5218027107494745,[],[],23,12
37,"[0, 0, 0, 0, 1, 4, 2, 4]",USV-1;USV-2;USV-3;USV-4,A017;B057;A015;B057,point;point;point;point,review;review;review;review,12,218.8123992769866,55,0.20775462962962962,-13.086776630112857,8,0,13616.0,421,3.5353559709751887,[],[],23,12
38,"[0, 0, 0, 0, 1, 4, 2, 4]",USV-1;USV-2;USV-3;USV-4,A017;B057;A015;B057,point;point;point;point,review;review;review;review,12,219.61311021753258,55,0.20775462962962962,72.41322336988715,9,0,13870.0,430,3.548909231200903,[],[],23,25
39,"[0, 0, 0, 0, 1, 4, 2, 3]",USV-1;USV-2;USV-3;USV-4,A017;B057;A015;B057,point;point;point;point,review;review;review;review,12,220.97273930828166,47,0.18460648148148148,73.41322336988715,10,0,14118.0,430,3.562462491426617,"[{""platform_id"": ""USV-2"", ""task_id"": ""B057"", ""stage"": ""review"", ""score"": 52.20376501405474}]",[],22,25
40,"[0, 0, 0, 0, 1, 2, 2, 2]",USV-1;USV-2;USV-3;USV-4,A017;B192;A015;B192,point;point;point;point,review;review;review;review,12,220.48465481994253,64,0.23379629629629628,-12.086732788923182,10,0,14480.0,430,3.5759280692729822,"[{""platform_id"": ""USV-1"", ""task_id"": ""A017"", ""stage"": ""review"", ""score"": 54.47355935641035}]",[],21,12
41,"[0, 0, 0, 0, 0, 1, 1, 1]",USV-1;USV-2;USV-3;USV-4,B049;B192;A015;B192,point;point;point;point,review;review;review;review,12,220.9228384919839,61,0.22858796296296297,-13.086732788923182,10,0,14842.0,430,3.5893936471193473,[],[],21,12
42,"[0, 0, 0, 0, 0, 1, 1, 1]",USV-1;USV-2;USV-3;USV-4,B049;B192;A015;B192,point;point;point;point,review;review;review;review,12,221.7236121760842,61,0.22858796296296297,72.41326721107681,11,0,15078.0,430,3.6028592249657123,[],[],21,25
43,"[0, 0, 0, 0, 0, 1, 1, 1]",USV-1;USV-2;USV-3;USV-4,B049;B192;A015;B192,point;point;point;point,review;review;review;review,12,222.52440146084433,61,0.22858796296296297,-12.086805126886144,11,0,15437.0,436,3.6164694787380034,"[{""platform_id"": ""USV-4"", ""task_id"": ""B192"", ""stage"": ""review"", ""score"": 54.85833779554015}]",[],20,12
44,"[0, 0, 0, 0, 0, 4, 1, 4]",USV-1;USV-2;USV-3;USV-4,B049;B181;A015;B181,point;point;point;point,review;review;review;review,12,223.0769242981511,40,0.1678240740740741,-13.086805126886144,11,0,15796.0,464,3.6300797325102945,[],[],20,12
45,"[0, 0, 0, 0, 0, 4, 1, 4]",USV-1;USV-2;USV-3;USV-4,B049;B181;A015;B181,point;point;point;point,review;review;review;review,12,225.69314064888692,14,0.09259259259259259,-13.086805126886144,11,0,16155.0,464,3.6436899862825856,[],[],20,12
46,"[0, 0, 0, 0, 0, 4, 1, 4]",USV-1;USV-2;USV-3;USV-4,B049;B181;A015;B181,point;point;point;point,review;review;review;review,12,226.49380133934213,14,0.09259259259259259,-13.086805126886144,11,0,16514.0,464,3.6573002400548766,[],[],20,12
47,"[0, 0, 0, 0, 0, 4, 1, 4]",USV-1;USV-2;USV-3;USV-4,B049;B181;A015;B181,point;point;point;point,review;review;review;review,12,227.29447422752932,14,0.09259259259259259,157.91319487311384,13,0,16591.0,464,3.6709104938271677,[],[],20,38
48,"[0, 0, 0, 0, 0, 4, 1, 4]",USV-1;USV-2;USV-3;USV-4,B049;B181;A015;B181,point;point;point;point,review;review;review;review,12,228.0951596548368,14,0.09259259259259259,-11.086586199294533,13,0,16944.0,474,3.684082892416233,"[{""platform_id"": ""USV-2"", ""task_id"": ""B181"", ""stage"": ""review"", ""score"": 55.43781230705663}, {""platform_id"": ""USV-3"", ""task_id"": ""A015"", ""stage"": ""review"", ""score"": 57.82468982796593}]",[],18,12
49,"[0, 0, 0, 0, 0, 1, 0, 1]",USV-1;USV-2;USV-3;USV-4,B049;B193;B049;B193,point;point;point;point,review;review;review;review,12,226.58851135545342,59,0.2262731481481481,-13.086586199294533,13,0,17297.0,476,3.6972552910052983,[],[],18,12
50,"[0, 0, 0, 0, 0, 2, 0, 1]",USV-1;USV-2;USV-3;USV-4,B049;B188;B049;B193,point;point;point;point,review;review;review;review,12,227.53782784322388,50,0.20023148148148148,-13.086586199294533,13,0,17650.0,476,3.7104276895943635,[],[],18,12
51,"[0, 0, 0, 0, 0, 2, 0, 1]",USV-1;USV-2;USV-3;USV-4,B049;B188;B049;B193,point;point;point;point,review;review;review;review,12,228.33870441692687,50,0.20023148148148148,72.41341380070547,14,0,17850.0,480,3.723600088183429,[],[],18,25
52,"[0, 0, 0, 0, 0, 2, 0, 1]",USV-1;USV-2;USV-3;USV-4,B049;B188;B049;B193,point;point;point;point,review;review;review;review,12,228.86054196559633,54,0.21180555555555555,-12.086537973985891,14,0,18200.0,492,3.73667603615521,"[{""platform_id"": ""USV-1"", ""task_id"": ""B049"", ""stage"": ""review"", ""score"": 62.3264749938326}]",[],17,12
53,"[0, 0, 0, 0, 0, 1, 3, 0]",USV-1;USV-2;USV-3;USV-4,B193;B188;B139;B193,point;point;point;point,review;review;review;review,12,229.1031546215229,44,0.18287037037037038,72.41346202601412,15,0,18391.0,492,3.7497519841269913,[],[],17,25
54,"[0, 0, 0, 0, 0, 1, 3, 0]",USV-1;USV-2;USV-3;USV-4,B193;B188;B139;B193,point;point;point;point,review;review;review;review,12,229.90402481449917,44,0.18287037037037038,73.41352632642564,16,0,18576.0,492,3.7626993312757273,"[{""platform_id"": ""USV-2"", ""task_id"": ""B188"", ""stage"": ""review"", ""score"": 58.76803984127295}]",[],16,25
55,"[0, 0, 0, 0, 0, 0, 2, 0]",USV-1;USV-2;USV-3;USV-4,B193;B193;B139;B193,point;point;point;point,review;review;review;review,12,230.6962191114294,51,0.203125,-12.08656287226554,16,0,18920.0,496,3.775825075806808,"[{""platform_id"": ""USV-3"", ""task_id"": ""B139"", ""stage"": ""review"", ""score"": 57.07367806874095}]",[],15,12
56,"[0, 0, 0, 0, 0, 0, 0, 0]",USV-1;USV-2;USV-3;USV-4,B193;B193;E011;B193,point;point;point;point,review;review;review;review,12,231.45799856943182,43,0.17650462962962965,72.41343712773447,17,0,19096.0,496,3.788950820337889,[],[],15,25
57,"[0, 0, 0, 0, 0, 0, 0, 0]",USV-1;USV-2;USV-3;USV-4,B193;B193;E011;B193,point;point;point;point,review;review;review;review,12,232.258900164699,43,0.17650462962962965,-12.08650500189517,17,0,19437.0,497,3.801960824128229,"[{""platform_id"": ""USV-4"", ""task_id"": ""B193"", ""stage"": ""review"", ""score"": 61.002215884995294}]",[],14,12
58,"[0, 0, 0, 0, 2, 0, 0, 0]",USV-1;USV-2;USV-3;USV-4,B187;B182;E011;B194,point;point;point;point,review;review;review;review,12,231.29508541759935,32,0.14467592592592596,-13.08650500189517,17,0,19778.0,502,3.814970827918569,[],[],14,12
59,"[0, 0, 0, 0, 2, 1, 0, 0]",USV-1;USV-2;USV-3;USV-4,B187;B187;E011;B194,point;point;point;point,review;review;review;review,12,232.08725830459028,33,0.14756944444444448,72.41349499810484,18,0,19942.0,502,3.827980831708909,[],[],14,25
60,"[0, 0, 0, 0, 2, 1, 0, 0]",USV-1;USV-2;USV-3;USV-4,B187;B187;E011;B194,point;point;point;point,review;review;review;review,12,232.88812267311815,33,0.14756944444444448,-12.086635210228504,18,0,20280.0,502,3.841251252165916,"[{""platform_id"": ""USV-1"", ""task_id"": ""B187"", ""stage"": ""review"", ""score"": 59.462222312920176}]",[],13,12
61,"[0, 0, 0, 0, 1, 1, 0, 0]",USV-1;USV-2;USV-3;USV-4,B194;B182;E011;B194,point;point;point;point,review;review;review;review,12,233.31710643857548,36,0.15625,72.41336478977149,19,0,20435.0,502,3.854521672622923,[],[],13,25
62,"[0, 0, 0, 0, 1, 1, 0, 0]",USV-1;USV-2;USV-3;USV-4,B194;B182;E011;B194,point;point;point;point,review;review;review;review,12,234.11801433606954,36,0.15625,73.41336478977149,20,0,20584.0,503,3.8677920930799297,"[{""platform_id"": ""USV-4"", ""task_id"": ""B194"", ""stage"": ""review"", ""score"": 62.00255247890298}]",[],12,25
63,"[0, 0, 0, 0, 1, 0, 0, 2]",USV-1;USV-2;USV-3;USV-4,B182;B182;E011;B191,point;point;point;point,review;review;review;review,12,234.12226053518253,41,0.1707175925925926,-12.086635210228504,20,0,20916.0,503,3.8810625135369365,"[{""platform_id"": ""USV-2"", ""task_id"": ""B182"", ""stage"": ""review"", ""score"": 61.77261123444421}]",[],11,12
64,"[0, 0, 0, 0, 1, 1, 0, 1]",USV-1;USV-2;USV-3;USV-4,B191;B191;E011;B191,point;point;point;point,review;review;review;review,12,234.07587860420335,38,0.16203703703703703,-13.086635210228504,20,0,21248.0,503,3.8943329339939434,[],[],11,12
65,"[0, 0, 0, 0, 1, 1, 0, 1]",USV-1;USV-2;USV-3;USV-4,B191;B191;E011;B191,point;point;point;point,review;review;review;review,12,234.87681677415452,38,0.16203703703703703,-13.086635210228504,20,0,21580.0,503,3.9076033544509503,[],[],11,12
66,"[0, 0, 0, 0, 1, 1, 0, 1]",USV-1;USV-2;USV-3;USV-4,B191;B191;E011;B191,point;point;point;point,review;review;review;review,12,235.67777568107192,38,0.16203703703703703,72.41336478977149,21,0,21714.0,503,3.920873774907957,[],[],11,24
67,"[0, 0, 0, 0, 1, 1, 0, 1]",USV-1;USV-2;USV-3;USV-4,B191;B191;E011;B191,point;point;point;point,review;review;review;review,12,236.4787560221586,38,0.16203703703703703,-12.086548404672948,21,0,22043.0,508,3.933970584253853,"[{""platform_id"": ""USV-4"", ""task_id"": ""B191"", ""stage"": ""review"", ""score"": 62.83119478342115}]",[],10,12
68,"[0, 0, 0, 0, 2, 1, 0, 2]",USV-1;USV-2;USV-3;USV-4,B183;B183;E011;B183,point;point;point;point,review;review;review;review,12,236.15573288401202,44,0.17939814814814817,-13.086548404672948,21,0,22372.0,508,3.9470673935997485,[],[],10,12
69,"[0, 0, 0, 0, 2, 1, 0, 2]",USV-1;USV-2;USV-3;USV-4,B183;B183;E011;B183,point;point;point;point,review;review;review;review,12,236.9567637337859,44,0.17939814814814817,-13.086548404672948,21,0,22701.0,525,3.960164202945644,[],[],10,12
70,"[0, 0, 0, 0, 2, 1, 0, 2]",USV-1;USV-2;USV-3;USV-4,B183;B183;E011;B183,point;point;point;point,review;review;review;review,12,237.82781852013696,43,0.17650462962962965,-13.086548404672948,21,0,23030.0,529,3.9732610122915397,[],[],10,12
71,"[0, 0, 0, 0, 2, 1, 0, 2]",USV-1;USV-2;USV-3;USV-4,B183;B183;E011;B183,point;point;point;point,review;review;review;review,12,238.90809884492086,39,0.16493055555555558,72.41345159532706,22,0,23146.0,529,3.9863578216374354,[],[],10,23
72,"[0, 0, 0, 0, 2, 1, 0, 2]",USV-1;USV-2;USV-3;USV-4,B183;B183;E011;B183,point;point;point;point,review;review;review;review,12,239.7091853082381,39,0.16493055555555558,-12.086651285331385,22,0,23472.0,530,3.9996603923002034,"[{""platform_id"": ""USV-2"", ""task_id"": ""B183"", ""stage"": ""review"", ""score"": 65.00677335141155}]",[],9,12
73,"[0, 0, 0, 0, 2, 2, 0, 2]",USV-1;USV-2;USV-3;USV-4,B184;B184;E011;B184,point;point;point;point,review;review;review;review,12,238.36304786153687,38,0.16203703703703706,72.41334871466862,23,0,23579.0,530,4.012962962962971,[],[],9,22
74,"[0, 0, 0, 0, 2, 2, 0, 2]",USV-1;USV-2;USV-3;USV-4,B184;B184;E011;B184,point;point;point;point,review;review;review;review,12,239.1641109419859,38,0.16203703703703706,73.41338385861823,24,0,23680.0,530,4.026195245726503,"[{""platform_id"": ""USV-3"", ""task_id"": ""E011"", ""stage"": ""review"", ""score"": 68.93168052904642}]",[],8,21
75,"[0, 0, 0, 0, 1, 1, 0, 1]",USV-1;USV-2;USV-3;USV-4,B184;B184;B135;B184,point;point;point;point,review;review;review;review,12,239.23746409914526,29,0.13946759259259262,-12.086731882122507,24,0,24000.0,549,4.039659009971516,"[{""platform_id"": ""USV-4"", ""task_id"": ""B184"", ""stage"": ""review"", ""score"": 64.65996763106291}]",[],7,12
76,"[0, 0, 0, 0, 0, 0, 0, 0]",USV-1;USV-2;USV-3;USV-4,B186;B186;B135;B186,point;point;point;point,review;review;review;review,12,240.16303675161814,11,0.08738425925925926,72.4132681178775,25,0,24092.0,549,4.05312277421653,[],[],7,20
77,"[0, 0, 0, 0, 0, 0, 0, 0]",USV-1;USV-2;USV-3;USV-4,B186;B186;B135;B186,point;point;point;point,review;review;review;review,12,240.9639637748142,11,0.08738425925925926,-12.086693301875593,25,0,24409.0,549,4.066509377967717,"[{""platform_id"": ""USV-2"", ""task_id"": ""B186"", ""stage"": ""review"", ""score"": 67.44874286634878}]",[],6,12
78,"[0, 0, 0, 0, 0, 0, 0, 0]",USV-1;USV-2;USV-3;USV-4,B135;B135;B135;B135,point;point;point;point,review;review;review;review,12,232.13149335221982,142,0.46643518518518523,-13.086693301875593,25,0,24726.0,551,4.079895981718903,[],[],6,12
79,"[0, 0, 0, 0, 0, 0, 0, 0]",USV-1;USV-2;USV-3;USV-4,B135;B135;B135;B135,point;point;point;point,review;review;review;review,12,232.79499872902255,144,0.4722222222222222,72.4133066981244,26,0,24806.0,551,4.09328258547009,[],[],6,19
80,"[0, 0, 0, 0, 0, 0, 0, 0]",USV-1;USV-2;USV-3;USV-4,B135;B135;B135;B135,point;point;point;point,review;review;review;review,12,233.597381085987,144,0.4722222222222222,-12.086680853016851,26,0,25120.0,558,4.106644291503792,"[{""platform_id"": ""USV-1"", ""task_id"": ""B135"", ""stage"": ""review"", ""score"": 66.4307919979105}]",[],5,12
81,"[0, 0, 0, 0, 0, 0, 0, 0]",USV-1;USV-2;USV-3;USV-4,B213;B213;B213;B213,point;point;point;point,review;review;review;review,8,188.43323976951189,69,0.22743055555555555,-13.086680853016851,26,0,25434.0,558,4.120005997537494,[],[],5,12
82,"[0, 0, 0, 0, 0, 0, 0, 0]",USV-1;USV-2;USV-3;USV-4,B213;B213;B213;B213,point;point;point;point,review;review;review;review,8,189.2344101239401,69,0.22743055555555555,72.41331914698316,27,0,25502.0,558,4.133367703571197,[],[],5,18
83,"[0, 0, 0, 0, 0, 0, 0, 0]",USV-1;USV-2;USV-3;USV-4,B213;B213;B213;B213,point;point;point;point,review;review;review;review,8,190.03561141519418,69,0.22743055555555555,-12.086741134652653,27,0,25813.0,569,4.146849972876504,"[{""platform_id"": ""USV-2"", ""task_id"": ""B213"", ""stage"": ""review"", ""score"": 55.65581129466466}]",[],4,12
84,"[0, 0, 0, 0, 0, 0, 1, 0]",USV-1;USV-2;USV-3;USV-4,B051;B051;B116;B051,point;point;point;point,review;review;review;review,8,184.54823431816112,64,0.21296296296296297,72.41325886534734,28,0,25872.0,569,4.160332242181812,[],[],4,17
85,"[0, 0, 0, 0, 0, 0, 1, 0]",USV-1;USV-2;USV-3;USV-4,B051;B051;B116;B051,point;point;point;point,review;review;review;review,8,185.34915165525362,64,0.21296296296296297,-12.08674781200308,28,0,26180.0,569,4.173827866187974,"[{""platform_id"": ""USV-4"", ""task_id"": ""B051"", ""stage"": ""review"", ""score"": 54.80468763200488}]",[],3,12
86,"[0, 0, 0, 0, 0, 0, 0, 0]",USV-1;USV-2;USV-3;USV-4,B116;B116;B116;B116,point;point;point;point,review;review;review;review,8,183.44758149531123,116,0.36342592592592593,72.41325218799692,29,0,26230.0,569,4.187323490194136,[],[],3,16
87,"[0, 0, 0, 0, 0, 0, 0, 0]",USV-1;USV-2;USV-3;USV-4,B116;B116;B116;B116,point;point;point;point,review;review;review;review,8,184.2488363120622,116,0.36342592592592593,-12.086846520661572,29,0,26535.0,569,4.201016531517281,"[{""platform_id"": ""USV-3"", ""task_id"": ""B116"", ""stage"": ""review"", ""score"": 53.11513760111457}]",[],2,12
88,"[0, 0, 0, 0, 0, 0, 0, 0]",USV-1;USV-2;USV-3;USV-4,B111;B111;B111;B111,point;point;point;point,review;review;review;review,8,178.80367508441583,118,0.3692129629629629,-13.086846520661572,29,0,26840.0,576,4.214709572840426,[],[],2,12
89,"[0, 0, 0, 0, 0, 0, 0, 0]",USV-1;USV-2;USV-3;USV-4,B111;B111;B111;B111,point;point;point;point,review;review;review;review,8,179.5350766125678,119,0.3721064814814815,-13.086846520661572,29,0,27145.0,576,4.228402614163571,[],[],2,12
90,"[0, 0, 0, 0, 0, 0, 0, 0]",USV-1;USV-2;USV-3;USV-4,B111;B111;B111;B111,point;point;point;point,review;review;review;review,8,180.33622014833662,119,0.3721064814814815,24.913153479338426,30,0,27270.0,576,4.2420956554867155,[],[],2,15
91,"[0, 0, 0, 0, 0, 0, 0, 0]",USV-1;USV-2;USV-3;USV-4,B111;B111;B111;B111,point;point;point;point,review;review;review;review,8,181.13739157388494,119,0.3721064814814815,-12.086862734342926,30,0,27573.0,576,4.255821124172567,"[{""platform_id"": ""USV-2"", ""task_id"": ""B111"", ""stage"": ""review"", ""score"": 54.20900736873143}]",[],1,12
92,"[0, 0, 0, 0, 0, 0, 0, 0]",USV-1;USV-2;USV-3;USV-4,B107;B107;B107;B107,point;point;point;point,review;review;review;review,8,181.5288579555754,123,0.3836805555555555,-13.086862734342926,30,0,27876.0,576,4.269546592858419,[],[],1,12
93,"[0, 0, 0, 0, 0, 0, 0, 0]",USV-1;USV-2;USV-3;USV-4,B107;B107;B107;B107,point;point;point;point,review;review;review;review,8,182.33011429320683,123,0.3836805555555555,-13.086862734342926,30,0,28179.0,576,4.283272061544271,[],[],1,12
94,"[0, 0, 0, 0, 0, 0, 0, 0]",USV-1;USV-2;USV-3;USV-4,B107;B107;B107;B107,point;point;point;point,review;review;review;review,8,183.13140278081835,123,0.3836805555555555,-13.086862734342926,30,0,28482.0,576,4.296997530230123,[],[],1,12
95,"[0, 0, 0, 0, 0, 0, 0, 0]",USV-1;USV-2;USV-3;USV-4,B107;B107;B107;B107,point;point;point;point,review;review;review;review,8,183.93272466999312,123,0.3836805555555555,-13.086862734342926,30,0,28785.0,589,4.310722998915975,[],[],1,12
96,"[0, 0, 0, 0, 0, 0, 0, 0]",USV-1;USV-2;USV-3;USV-4,B107;B107;B107;B107,point;point;point;point,review;review;review;review,8,185.43154016095139,113,0.35474537037037035,-13.086862734342926,30,0,29088.0,589,4.324448467601827,[],[],1,12
97,"[0, 0, 0, 0, 0, 0, 0, 0]",USV-1;USV-2;USV-3;USV-4,B107;B107;B107;B107,point;point;point;point,review;review;review;review,8,186.23286751079704,113,0.35474537037037035,24.913137265657078,31,0,29197.0,589,4.338173936287679,[],[],1,14
98,"[0, 0, 0, 0, 0, 0, 0, 0]",USV-1;USV-2;USV-3;USV-4,B107;B107;B107;B107,point;point;point;point,review;review;review;review,8,187.03422987307843,113,0.35474537037037035,-12.086829877539236,31,0,29498.0,589,4.35183369136615,"[{""platform_id"": ""USV-4"", ""task_id"": ""B107"", ""stage"": ""review"", ""score"": 58.29124633170913}]",[],0,12
99,"[0, 0, 0, 0, 0, 0, 0, 0]",UAV-1,WAIT,wait,wait,0,0.0,0,0.0,-13.086829877539236,31,0,29799.0,589,4.365493446444622,[],[],0,12
100,"[0, 0, 0, 0, 0, 0, 0, 0]",UAV-1,WAIT,wait,wait,0,0.0,0,0.0,-13.086829877539236,31,0,30100.0,589,4.379153201523093,[],[],0,12
101,"[0, 0, 0, 0, 0, 0, 0, 0]",UAV-1,WAIT,wait,wait,0,0.0,0,0.0,-13.086829877539236,31,0,30401.0,589,4.392812956601564,[],[],0,12
102,"[0, 0, 0, 0, 0, 0, 0, 0]",UAV-1,WAIT,wait,wait,0,0.0,0,0.0,-13.086829877539236,31,0,30702.0,589,4.406472711680036,[],[],0,12
103,"[0, 0, 0, 0, 0, 0, 0, 0]",UAV-1,WAIT,wait,wait,0,0.0,0,0.0,-13.086829877539236,31,0,31003.0,589,4.420132466758507,[],[],0,12
104,"[0, 0, 0, 0, 0, 0, 0, 0]",UAV-1,WAIT,wait,wait,0,0.0,0,0.0,-13.086829877539236,31,0,31304.0,589,4.4337922218369785,[],[],0,12
105,"[0, 0, 0, 0, 0, 0, 0, 0]",UAV-1,WAIT,wait,wait,0,0.0,0,0.0,-13.086829877539236,31,0,31605.0,589,4.44745197691545,[],[],0,12
106,"[0, 0, 0, 0, 0, 0, 0, 0]",UAV-1,WAIT,wait,wait,0,0.0,0,0.0,-13.086829877539236,31,0,31906.0,589,4.461111731993921,[],[],0,12
107,"[0, 0, 0, 0, 0, 0, 0, 0]",UAV-1,WAIT,wait,wait,0,0.0,0,0.0,-13.086829877539236,31,0,32207.0,614,4.474771487072393,[],[],0,12
108,"[0, 0, 0, 0, 0, 0, 0, 0]",UAV-1,WAIT,wait,wait,0,0.0,0,0.0,-13.086829877539236,31,0,32508.0,614,4.488431242150864,[],[],0,12
109,"[0, 0, 0, 0, 0, 0, 0, 0]",UAV-1,WAIT,wait,wait,0,0.0,0,0.0,24.913170122460762,32,0,32591.0,614,4.5020909972293355,[],[],0,13
110,"[0, 0, 0, 0, 0, 0, 0, 0]",UAV-1,WAIT,wait,wait,0,0.0,0,0.0,-13.085106346943423,32,0,32890.0,614,4.5123036911161805,[],[],0,13
111,"[0, 0, 0, 0, 0, 0, 0, 0]",UAV-1,WAIT,wait,wait,0,0.0,0,0.0,-13.085106346943423,32,0,33189.0,614,4.522516385003025,[],[],0,13
112,"[0, 0, 0, 0, 0, 0, 0, 0]",UAV-1,WAIT,wait,wait,0,0.0,0,0.0,-13.085106346943423,32,0,33488.0,614,4.53272907888987,[],[],0,13
113,"[0, 0, 0, 0, 0, 0, 0, 0]",UAV-1,WAIT,wait,wait,0,0.0,0,0.0,-13.085106346943423,32,0,33787.0,614,4.542941772776715,[],[],0,13
114,"[0, 0, 0, 0, 0, 0, 0, 0]",UAV-1,WAIT,wait,wait,0,0.0,0,0.0,-13.085106346943423,32,0,34086.0,614,4.55315446666356,[],[],0,13
115,"[0, 0, 0, 0, 0, 0, 0, 0]",UAV-1,WAIT,wait,wait,0,0.0,0,0.0,-13.085106346943423,32,0,34385.0,614,4.563367160550405,[],[],0,13
116,"[0, 0, 0, 0, 0, 0, 0, 0]",UAV-1,WAIT,wait,wait,0,0.0,0,0.0,-13.085106346943423,32,0,34684.0,636,4.57357985443725,[],[],0,13
117,"[0, 0, 0, 0, 0, 0, 0, 0]",UAV-1,WAIT,wait,wait,0,0.0,0,0.0,-13.085106346943423,32,0,34983.0,668,4.583792548324095,[],[],0,13
118,"[0, 0, 0, 0, 0, 0, 0, 0]",UAV-1,WAIT,wait,wait,0,0.0,0,0.0,24.91489365305658,33,0,35046.0,714,4.59400524221094,[],[],0,14
119,"[0, 0, 0, 0, 0, 0, 0, 0]",UAV-1,WAIT,wait,wait,0,0.0,0,0.0,24.916574649529245,34,0,35105.0,714,4.600855943152459,[],[],0,15
120,"[0, 0, 0, 0, 0, 0, 0, 0]",UAV-1,WAIT,wait,wait,0,0.0,0,0.0,-13.081709194659776,34,0,35400.0,714,4.604274332472012,[],[],0,15
121,"[0, 0, 0, 0, 0, 0, 0, 0]",UAV-1,WAIT,wait,wait,0,0.0,0,0.0,-13.081709194659776,34,1,35695.0,714,4.607692721791564,[],[],0,15
122,"[0, 0, 0, 0, 0, 0, 0, 0]",UAV-1,WAIT,wait,wait,0,0.0,0,0.0,72.41829080534022,35,1,35624.0,714,4.611111111111117,[],[],0,16
123,"[0, 0, 0, 0, 0, 0, 0, 0]",UAV-1,WAIT,wait,wait,0,0.0,0,0.0,-13.08,35,1,35916.0,714,4.611111111111117,[],[],0,16
124,"[0, 0, 0, 0, 0, 0, 0, 0]",UAV-1,WAIT,wait,wait,0,0.0,0,0.0,-13.08,35,1,36208.0,714,4.611111111111117,[],[],0,16
125,"[0, 0, 0, 0, 0, 0, 0, 0]",UAV-1,WAIT,wait,wait,0,0.0,0,0.0,-13.08,35,1,36500.0,714,4.611111111111117,[],[],0,16
126,"[0, 0, 0, 0, 0, 0, 0, 0]",UAV-1,WAIT,wait,wait,0,0.0,0,0.0,-13.08,35,1,36792.0,714,4.611111111111117,[],[],0,16
127,"[0, 0, 0, 0, 0, 0, 0, 0]",UAV-1,WAIT,wait,wait,0,0.0,0,0.0,-13.08,35,1,37084.0,714,4.611111111111117,[],[],0,16
128,"[0, 0, 0, 0, 0, 0, 0, 0]",UAV-1,WAIT,wait,wait,0,0.0,0,0.0,-13.08,35,1,37376.0,714,4.611111111111117,[],[],0,16
129,"[0, 0, 0, 0, 0, 0, 0, 0]",UAV-1,WAIT,wait,wait,0,0.0,0,0.0,-13.08,35,1,37668.0,714,4.611111111111117,[],[],0,16
130,"[0, 0, 0, 0, 0, 0, 0, 0]",UAV-1,WAIT,wait,wait,0,0.0,0,0.0,-13.08,35,1,37960.0,714,4.611111111111117,[],[],0,16
131,"[0, 0, 0, 0, 0, 0, 0, 0]",UAV-1,WAIT,wait,wait,0,0.0,0,0.0,-13.08,35,1,38252.0,714,4.611111111111117,[],[],0,16
132,"[0, 0, 0, 0, 0, 0, 0, 0]",UAV-1,WAIT,wait,wait,0,0.0,0,0.0,-13.08,35,1,38544.0,714,4.611111111111117,[],[],0,16
133,"[0, 0, 0, 0, 0, 0, 0, 0]",UAV-1,WAIT,wait,wait,0,0.0,0,0.0,-13.08,35,1,38836.0,714,4.611111111111117,[],[],0,16
134,"[0, 0, 0, 0, 0, 0, 0, 0]",UAV-1,WAIT,wait,wait,0,0.0,0,0.0,-13.08,35,1,39128.0,714,4.611111111111117,[],[],0,16
135,"[0, 0, 0, 0, 0, 0, 0, 0]",UAV-1,WAIT,wait,wait,0,0.0,0,0.0,-13.08,35,1,39420.0,714,4.611111111111117,[],[],0,16
136,"[0, 0, 0, 0, 0, 0, 0, 0]",UAV-1,WAIT,wait,wait,0,0.0,0,0.0,-13.08,35,1,39712.0,714,4.611111111111117,[],[],0,16
137,"[0, 0, 0, 0, 0, 0, 0, 0]",UAV-1,WAIT,wait,wait,0,0.0,0,0.0,-13.08,35,1,40004.0,714,4.611111111111117,[],[],0,16
138,"[0, 0, 0, 0, 0, 0, 0, 0]",UAV-1,WAIT,wait,wait,0,0.0,0,0.0,-13.08,35,1,40296.0,714,4.611111111111117,[],[],0,16
139,"[0, 0, 0, 0, 0, 0, 0, 0]",UAV-1,WAIT,wait,wait,0,0.0,0,0.0,-13.08,35,1,40588.0,714,4.611111111111117,[],[],0,16
140,"[0, 0, 0, 0, 0, 0, 0, 0]",UAV-1,WAIT,wait,wait,0,0.0,0,0.0,-13.08,35,1,40880.0,714,4.611111111111117,[],[],0,16
141,"[0, 0, 0, 0, 0, 0, 0, 0]",UAV-1,WAIT,wait,wait,0,0.0,0,0.0,-13.08,35,1,41172.0,714,4.611111111111117,[],[],0,16
142,"[0, 0, 0, 0, 0, 0, 0, 0]",UAV-1,WAIT,wait,wait,0,0.0,0,0.0,-13.08,35,1,41464.0,714,4.611111111111117,[],[],0,16
143,"[0, 0, 0, 0, 0, 0, 0, 0]",UAV-1,WAIT,wait,wait,0,0.0,0,0.0,-13.08,35,1,41756.0,714,4.611111111111117,[],[],0,16
144,"[0, 0, 0, 0, 0, 0, 0, 0]",UAV-1,WAIT,wait,wait,0,0.0,0,0.0,-13.08,35,1,42048.0,714,4.611111111111117,[],[],0,16
145,"[0, 0, 0, 0, 0, 0, 0, 0]",UAV-1,WAIT,wait,wait,0,0.0,0,0.0,-13.08,35,1,42340.0,714,4.611111111111117,[],[],0,16
146,"[0, 0, 0, 0, 0, 0, 0, 0]",UAV-1,WAIT,wait,wait,0,0.0,0,0.0,-13.08,35,1,42632.0,714,4.611111111111117,[],[],0,16
147,"[0, 0, 0, 0, 0, 0, 0, 0]",UAV-1,WAIT,wait,wait,0,0.0,0,0.0,-13.08,35,1,42924.0,714,4.611111111111117,[],[],0,16
148,"[0, 0, 0, 0, 0, 0, 0, 0]",UAV-1,WAIT,wait,wait,0,0.0,0,0.0,-13.08,35,1,43216.0,714,4.611111111111117,[],[],0,16
149,"[0, 0, 0, 0, 0, 0, 0, 0]",UAV-1,WAIT,wait,wait,0,0.0,0,0.0,-13.08,35,1,43508.0,714,4.611111111111117,[],[],0,16
150,"[0, 0, 0, 0, 0, 0, 0, 0]",UAV-1,WAIT,wait,wait,0,0.0,0,0.0,-13.08,35,1,43800.0,714,4.611111111111117,[],[],0,16
151,"[0, 0, 0, 0, 0, 0, 0, 0]",UAV-1,WAIT,wait,wait,0,0.0,0,0.0,-13.08,35,1,44092.0,714,4.611111111111117,[],[],0,16
152,"[0, 0, 0, 0, 0, 0, 0, 0]",UAV-1,WAIT,wait,wait,0,0.0,0,0.0,-13.08,35,1,44384.0,714,4.611111111111117,[],[],0,16
153,"[0, 0, 0, 0, 0, 0, 0, 0]",UAV-1,WAIT,wait,wait,0,0.0,0,0.0,-13.08,35,1,44676.0,714,4.611111111111117,[],[],0,16
154,"[0, 0, 0, 0, 0, 0, 0, 0]",UAV-1,WAIT,wait,wait,0,0.0,0,0.0,-13.08,35,1,44968.0,714,4.611111111111117,[],[],0,16
155,"[0, 0, 0, 0, 0, 0, 0, 0]",UAV-1,WAIT,wait,wait,0,0.0,0,0.0,-13.08,35,1,45260.0,714,4.611111111111117,[],[],0,16
156,"[0, 0, 0, 0, 0, 0, 0, 0]",UAV-1,WAIT,wait,wait,0,0.0,0,0.0,-13.08,35,1,45552.0,714,4.611111111111117,[],[],0,16
157,"[0, 0, 0, 0, 0, 0, 0, 0]",UAV-1,WAIT,wait,wait,0,0.0,0,0.0,-13.08,35,1,45844.0,714,4.611111111111117,[],[],0,16
158,"[0, 0, 0, 0, 0, 0, 0, 0]",UAV-1,WAIT,wait,wait,0,0.0,0,0.0,-13.08,35,1,46136.0,714,4.611111111111117,[],[],0,16
159,"[0, 0, 0, 0, 0, 0, 0, 0]",UAV-1,WAIT,wait,wait,0,0.0,0,0.0,-13.08,35,1,46428.0,714,4.611111111111117,[],[],0,16
160,"[0, 0, 0, 0, 0, 0, 0, 0]",UAV-1,WAIT,wait,wait,0,0.0,0,0.0,-13.08,35,1,46720.0,714,4.611111111111117,[],[],0,16
161,"[0, 0, 0, 0, 0, 0, 0, 0]",UAV-1,WAIT,wait,wait,0,0.0,0,0.0,-13.08,35,1,47012.0,714,4.611111111111117,[],[],0,16
162,"[0, 0, 0, 0, 0, 0, 0, 0]",UAV-1,WAIT,wait,wait,0,0.0,0,0.0,-13.08,35,1,47304.0,714,4.611111111111117,[],[],0,16
163,"[0, 0, 0, 0, 0, 0, 0, 0]",UAV-1,WAIT,wait,wait,0,0.0,0,0.0,-13.08,35,1,47596.0,714,4.611111111111117,[],[],0,16
164,"[0, 0, 0, 0, 0, 0, 0, 0]",UAV-1,WAIT,wait,wait,0,0.0,0,0.0,-13.08,35,1,47888.0,714,4.611111111111117,[],[],0,16
165,"[0, 0, 0, 0, 0, 0, 0, 0]",UAV-1,WAIT,wait,wait,0,0.0,0,0.0,-13.08,35,1,48180.0,714,4.611111111111117,[],[],0,16
166,"[0, 0, 0, 0, 0, 0, 0, 0]",UAV-1,WAIT,wait,wait,0,0.0,0,0.0,-13.08,35,1,48472.0,714,4.611111111111117,[],[],0,16
167,"[0, 0, 0, 0, 0, 0, 0, 0]",UAV-1,WAIT,wait,wait,0,0.0,0,0.0,-13.08,35,1,48764.0,714,4.611111111111117,[],[],0,16
168,"[0, 0, 0, 0, 0, 0, 0, 0]",UAV-1,WAIT,wait,wait,0,0.0,0,0.0,-13.08,35,1,49056.0,714,4.611111111111117,[],[],0,16
169,"[0, 0, 0, 0, 0, 0, 0, 0]",UAV-1,WAIT,wait,wait,0,0.0,0,0.0,-13.08,35,1,49348.0,714,4.611111111111117,[],[],0,16
170,"[0, 0, 0, 0, 0, 0, 0, 0]",UAV-1,WAIT,wait,wait,0,0.0,0,0.0,-13.08,35,1,49640.0,714,4.611111111111117,[],[],0,16
171,"[0, 0, 0, 0, 0, 0, 0, 0]",UAV-1,WAIT,wait,wait,0,0.0,0,0.0,-13.08,35,1,49932.0,714,4.611111111111117,[],[],0,16
172,"[0, 0, 0, 0, 0, 0, 0, 0]",UAV-1,WAIT,wait,wait,0,0.0,0,0.0,-13.08,35,1,50224.0,714,4.611111111111117,[],[],0,16
173,"[0, 0, 0, 0, 0, 0, 0, 0]",UAV-1,WAIT,wait,wait,0,0.0,0,0.0,-13.08,35,1,50516.0,714,4.611111111111117,[],[],0,16
174,"[0, 0, 0, 0, 0, 0, 0, 0]",UAV-1,WAIT,wait,wait,0,0.0,0,0.0,-13.08,35,1,50808.0,714,4.611111111111117,[],[],0,16
175,"[0, 0, 0, 0, 0, 0, 0, 0]",UAV-1,WAIT,wait,wait,0,0.0,0,0.0,-13.08,35,1,51100.0,714,4.611111111111117,[],[],0,16
176,"[0, 0, 0, 0, 0, 0, 0, 0]",UAV-1,WAIT,wait,wait,0,0.0,0,0.0,-13.08,35,1,51392.0,714,4.611111111111117,[],[],0,16
177,"[0, 0, 0, 0, 0, 0, 0, 0]",UAV-1,WAIT,wait,wait,0,0.0,0,0.0,-13.08,35,1,51684.0,714,4.611111111111117,[],[],0,16
178,"[0, 0, 0, 0, 0, 0, 0, 0]",UAV-1,WAIT,wait,wait,0,0.0,0,0.0,-13.08,35,1,51976.0,714,4.611111111111117,[],[],0,16
179,"[0, 0, 0, 0, 0, 0, 0, 0]",UAV-1,WAIT,wait,wait,0,0.0,0,0.0,-13.08,35,1,52268.0,714,4.611111111111117,[],[],0,16
180,"[0, 0, 0, 0, 0, 0, 0, 0]",UAV-1,WAIT,wait,wait,0,0.0,0,0.0,-13.08,35,1,52560.0,714,4.611111111111117,[],[],0,16
181,"[0, 0, 0, 0, 0, 0, 0, 0]",UAV-1,WAIT,wait,wait,0,0.0,0,0.0,-13.08,35,1,52852.0,714,4.611111111111117,[],[],0,16
182,"[0, 0, 0, 0, 0, 0, 0, 0]",UAV-1,WAIT,wait,wait,0,0.0,0,0.0,-13.08,35,1,53144.0,714,4.611111111111117,[],[],0,16
183,"[0, 0, 0, 0, 0, 0, 0, 0]",UAV-1,WAIT,wait,wait,0,0.0,0,0.0,-13.08,35,1,53436.0,714,4.611111111111117,[],[],0,16
184,"[0, 0, 0, 0, 0, 0, 0, 0]",UAV-1,WAIT,wait,wait,0,0.0,0,0.0,-13.08,35,1,53728.0,714,4.611111111111117,[],[],0,16
185,"[0, 0, 0, 0, 0, 0, 0, 0]",UAV-1,WAIT,wait,wait,0,0.0,0,0.0,-13.08,35,1,54020.0,714,4.611111111111117,[],[],0,16
186,"[0, 0, 0, 0, 0, 0, 0, 0]",UAV-1,WAIT,wait,wait,0,0.0,0,0.0,-13.08,35,1,54312.0,714,4.611111111111117,[],[],0,16
187,"[0, 0, 0, 0, 0, 0, 0, 0]",UAV-1,WAIT,wait,wait,0,0.0,0,0.0,-13.08,35,1,54604.0,714,4.611111111111117,[],[],0,16
188,"[0, 0, 0, 0, 0, 0, 0, 0]",UAV-1,WAIT,wait,wait,0,0.0,0,0.0,-13.08,35,1,54896.0,714,4.611111111111117,[],[],0,16
189,"[0, 0, 0, 0, 0, 0, 0, 0]",UAV-1,WAIT,wait,wait,0,0.0,0,0.0,-13.08,35,1,55188.0,714,4.611111111111117,[],[],0,16
190,"[0, 0, 0, 0, 0, 0, 0, 0]",UAV-1,WAIT,wait,wait,0,0.0,0,0.0,-13.08,35,1,55480.0,714,4.611111111111117,[],[],0,16
191,"[0, 0, 0, 0, 0, 0, 0, 0]",UAV-1,WAIT,wait,wait,0,0.0,0,0.0,-13.08,35,1,55772.0,714,4.611111111111117,[],[],0,16
192,"[0, 0, 0, 0, 0, 0, 0, 0]",UAV-1,WAIT,wait,wait,0,0.0,0,0.0,-13.08,35,1,56064.0,714,4.611111111111117,[],[],0,16
193,"[0, 0, 0, 0, 0, 0, 0, 0]",UAV-1,WAIT,wait,wait,0,0.0,0,0.0,-13.08,35,1,56356.0,714,4.611111111111117,[],[],0,16
194,"[0, 0, 0, 0, 0, 0, 0, 0]",UAV-1,WAIT,wait,wait,0,0.0,0,0.0,-13.08,35,1,56648.0,714,4.611111111111117,[],[],0,16
195,"[0, 0, 0, 0, 0, 0, 0, 0]",UAV-1,WAIT,wait,wait,0,0.0,0,0.0,-13.08,35,1,56940.0,714,4.611111111111117,[],[],0,16
196,"[0, 0, 0, 0, 0, 0, 0, 0]",UAV-1,WAIT,wait,wait,0,0.0,0,0.0,-13.08,35,1,57232.0,714,4.611111111111117,[],[],0,16
197,"[0, 0, 0, 0, 0, 0, 0, 0]",UAV-1,WAIT,wait,wait,0,0.0,0,0.0,-13.08,35,1,57524.0,714,4.611111111111117,[],[],0,16
198,"[0, 0, 0, 0, 0, 0, 0, 0]",UAV-1,WAIT,wait,wait,0,0.0,0,0.0,-13.08,35,1,57816.0,714,4.611111111111117,[],[],0,16
199,"[0, 0, 0, 0, 0, 0, 0, 0]",UAV-1,WAIT,wait,wait,0,0.0,0,0.0,-13.08,35,1,58108.0,714,4.611111111111117,[],[],0,16
200,"[0, 0, 0, 0, 0, 0, 0, 0]",UAV-1,WAIT,wait,wait,0,0.0,0,0.0,-13.08,35,1,58400.0,714,4.611111111111117,[],[],0,16
201,"[0, 0, 0, 0, 0, 0, 0, 0]",UAV-1,WAIT,wait,wait,0,0.0,0,0.0,-13.08,35,1,58692.0,714,4.611111111111117,[],[],0,16
202,"[0, 0, 0, 0, 0, 0, 0, 0]",UAV-1,WAIT,wait,wait,0,0.0,0,0.0,-13.08,35,1,58984.0,714,4.611111111111117,[],[],0,16
203,"[0, 0, 0, 0, 0, 0, 0, 0]",UAV-1,WAIT,wait,wait,0,0.0,0,0.0,-13.08,35,1,59276.0,714,4.611111111111117,[],[],0,16
204,"[0, 0, 0, 0, 0, 0, 0, 0]",UAV-1,WAIT,wait,wait,0,0.0,0,0.0,-13.08,35,1,59568.0,714,4.611111111111117,[],[],0,16
205,"[0, 0, 0, 0, 0, 0, 0, 0]",UAV-1,WAIT,wait,wait,0,0.0,0,0.0,-13.08,35,1,59860.0,714,4.611111111111117,[],[],0,16
206,"[0, 0, 0, 0, 0, 0, 0, 0]",UAV-1,WAIT,wait,wait,0,0.0,0,0.0,-13.08,35,1,60152.0,714,4.611111111111117,[],[],0,16
207,"[0, 0, 0, 0, 0, 0, 0, 0]",UAV-1,WAIT,wait,wait,0,0.0,0,0.0,-13.08,35,1,60444.0,714,4.611111111111117,[],[],0,16
208,"[0, 0, 0, 0, 0, 0, 0, 0]",UAV-1,WAIT,wait,wait,0,0.0,0,0.0,-13.08,35,1,60736.0,714,4.611111111111117,[],[],0,16
209,"[0, 0, 0, 0, 0, 0, 0, 0]",UAV-1,WAIT,wait,wait,0,0.0,0,0.0,-13.08,35,1,61028.0,714,4.611111111111117,[],[],0,16
210,"[0, 0, 0, 0, 0, 0, 0, 0]",UAV-1,WAIT,wait,wait,0,0.0,0,0.0,-13.08,35,1,61320.0,714,4.611111111111117,[],[],0,16
211,"[0, 0, 0, 0, 0, 0, 0, 0]",UAV-1,WAIT,wait,wait,0,0.0,0,0.0,-13.08,35,1,61612.0,714,4.611111111111117,[],[],0,16
212,"[0, 0, 0, 0, 0, 0, 0, 0]",UAV-1,WAIT,wait,wait,0,0.0,0,0.0,-13.08,35,1,61904.0,714,4.611111111111117,[],[],0,16
213,"[0, 0, 0, 0, 0, 0, 0, 0]",UAV-1,WAIT,wait,wait,0,0.0,0,0.0,-13.08,35,1,62196.0,714,4.611111111111117,[],[],0,16
214,"[0, 0, 0, 0, 0, 0, 0, 0]",UAV-1,WAIT,wait,wait,0,0.0,0,0.0,-13.08,35,1,62488.0,714,4.611111111111117,[],[],0,16
215,"[0, 0, 0, 0, 0, 0, 0, 0]",UAV-1,WAIT,wait,wait,0,0.0,0,0.0,-13.08,35,1,62780.0,714,4.611111111111117,[],[],0,16
216,"[0, 0, 0, 0, 0, 0, 0, 0]",UAV-1,WAIT,wait,wait,0,0.0,0,0.0,-13.08,35,1,63072.0,714,4.611111111111117,[],[],0,16
217,"[0, 0, 0, 0, 0, 0, 0, 0]",UAV-1,WAIT,wait,wait,0,0.0,0,0.0,-13.08,35,1,63364.0,714,4.611111111111117,[],[],0,16
218,"[0, 0, 0, 0, 0, 0, 0, 0]",UAV-1,WAIT,wait,wait,0,0.0,0,0.0,-13.08,35,1,63656.0,714,4.611111111111117,[],[],0,16
219,"[0, 0, 0, 0, 0, 0, 0, 0]",UAV-1,WAIT,wait,wait,0,0.0,0,0.0,-13.08,35,1,63948.0,714,4.611111111111117,[],[],0,16
220,"[0, 0, 0, 0, 0, 0, 0, 0]",UAV-1,WAIT,wait,wait,0,0.0,0,0.0,-13.08,35,1,64240.0,714,4.611111111111117,[],[],0,16
221,"[0, 0, 0, 0, 0, 0, 0, 0]",UAV-1,WAIT,wait,wait,0,0.0,0,0.0,-13.08,35,1,64532.0,714,4.611111111111117,[],[],0,16
222,"[0, 0, 0, 0, 0, 0, 0, 0]",UAV-1,WAIT,wait,wait,0,0.0,0,0.0,-13.08,35,1,64824.0,714,4.611111111111117,[],[],0,16
223,"[0, 0, 0, 0, 0, 0, 0, 0]",UAV-1,WAIT,wait,wait,0,0.0,0,0.0,-13.08,35,1,65116.0,714,4.611111111111117,[],[],0,16
224,"[0, 0, 0, 0, 0, 0, 0, 0]",UAV-1,WAIT,wait,wait,0,0.0,0,0.0,-13.08,35,1,65408.0,714,4.611111111111117,[],[],0,16
225,"[0, 0, 0, 0, 0, 0, 0, 0]",UAV-1,WAIT,wait,wait,0,0.0,0,0.0,-13.08,35,1,65700.0,714,4.611111111111117,[],[],0,16
226,"[0, 0, 0, 0, 0, 0, 0, 0]",UAV-1,WAIT,wait,wait,0,0.0,0,0.0,-13.08,35,1,65992.0,714,4.611111111111117,[],[],0,16
227,"[0, 0, 0, 0, 0, 0, 0, 0]",UAV-1,WAIT,wait,wait,0,0.0,0,0.0,-13.08,35,1,66284.0,714,4.611111111111117,[],[],0,16
228,"[0, 0, 0, 0, 0, 0, 0, 0]",UAV-1,WAIT,wait,wait,0,0.0,0,0.0,-13.08,35,1,66576.0,714,4.611111111111117,[],[],0,16
229,"[0, 0, 0, 0, 0, 0, 0, 0]",UAV-1,WAIT,wait,wait,0,0.0,0,0.0,-13.08,35,1,66868.0,714,4.611111111111117,[],[],0,16
230,"[0, 0, 0, 0, 0, 0, 0, 0]",UAV-1,WAIT,wait,wait,0,0.0,0,0.0,-13.08,35,1,67160.0,714,4.611111111111117,[],[],0,16
231,"[0, 0, 0, 0, 0, 0, 0, 0]",UAV-1,WAIT,wait,wait,0,0.0,0,0.0,-13.08,35,1,67452.0,714,4.611111111111117,[],[],0,16
232,"[0, 0, 0, 0, 0, 0, 0, 0]",UAV-1,WAIT,wait,wait,0,0.0,0,0.0,-13.08,35,1,67744.0,714,4.611111111111117,[],[],0,16
233,"[0, 0, 0, 0, 0, 0, 0, 0]",UAV-1,WAIT,wait,wait,0,0.0,0,0.0,-13.08,35,1,68036.0,714,4.611111111111117,[],[],0,16
234,"[0, 0, 0, 0, 0, 0, 0, 0]",UAV-1,WAIT,wait,wait,0,0.0,0,0.0,-13.08,35,1,68328.0,714,4.611111111111117,[],[],0,16
235,"[0, 0, 0, 0, 0, 0, 0, 0]",UAV-1,WAIT,wait,wait,0,0.0,0,0.0,-13.08,35,1,68620.0,714,4.611111111111117,[],[],0,16
236,"[0, 0, 0, 0, 0, 0, 0, 0]",UAV-1,WAIT,wait,wait,0,0.0,0,0.0,-13.08,35,1,68912.0,714,4.611111111111117,[],[],0,16
237,"[0, 0, 0, 0, 0, 0, 0, 0]",UAV-1,WAIT,wait,wait,0,0.0,0,0.0,-13.08,35,1,69204.0,714,4.611111111111117,[],[],0,16
238,"[0, 0, 0, 0, 0, 0, 0, 0]",UAV-1,WAIT,wait,wait,0,0.0,0,0.0,-13.08,35,1,69496.0,714,4.611111111111117,[],[],0,16
239,"[0, 0, 0, 0, 0, 0, 0, 0]",UAV-1,WAIT,wait,wait,0,0.0,0,0.0,-13.08,35,1,69788.0,714,4.611111111111117,[],[],0,16
240,"[0, 0, 0, 0, 0, 0, 0, 0]",UAV-1,WAIT,wait,wait,0,0.0,0,0.0,-13.08,35,1,70080.0,714,4.611111111111117,[],[],0,16
